Código,Descripción,Marca,Modelo,Precio USD,Referencia,Proveedor,Imagen
TB-TIRE,ABRILLANTADOR DE CAUCHOS TIRE BLACK 240 ML,AP USA GROUP,,3.38,4.83,PS-00001,/Uploads/Sanchez Import/Fotos Sanchez Import/test5.jpg
0W20-1L,ACEITE FULL SYNTHETIC 0W-20 ORIG,TP JAPON,,12.68,18.14,PS-00001,/Uploads/Sanchez Import/Fotos Sanchez Import/test6.jpg
ESFP0021PC,ACEITE FULL SYNTHETIC GREENTECH+ 0W-20 API SP-RC ILSAC GF-6 GASOLINA ORIG.,AISIN,,13.02,18.62,PS-00001,/Uploads/default.jpg
ESFP0531PC,ACEITE FULL SYNTHETIC GREEN TECH+ 5W-30 API SP RC ILSAC GF-6 GASOLINA ORIG.,AISIN,,11.92,17.04,PS-00001,/Uploads/default.jpg
ESSP1041PC,ACEITE SEMI SYNTHETIC ECONTECH+ 10W-40 API SP GASOLINA ESSP1041PC,AISIN,,11.43,16.34,PS-00001,/Uploads/default.jpg
MF-0009,AGUA DESMINERALIZADA 750CM3,CHICAGO,,1.29,1.85,PS-00001,/Uploads/default.jpg
4PK962,CORREA AIRE ACONDICIONADO MITSUBA,SILVERADO TAHOE,AVALANCHE 5.3,2.91,4.16,PS-00001,/Uploads/default.jpg
4PK780,CORREA AIRE ACONDICIONADO,SPARK,MITSUBA,2.46,3.51,PS-00001,/Uploads/default.jpg
5PK970,CORREA ALTERNADOR,CIELO RACER LANOS 1.5,MITSUBA,3.76,5.38,PS-00001,/Uploads/default.jpg
5PK1005,CORREA ALTERNADOR DIRECCION HIDRAULICA,LANOS 1.6,KAIOU,3.33,4.76,PS-00001,/Uploads/default.jpg
4PK815,CORREA ALTERNADOR SWIFT ESTEEM WAGON R,NISSAN B13 14,MITSUBA,2.48,3.55,PS-00001,/Uploads/default.jpg
4PK643,CORREA DIRECCION,CRUZE,MITSUBA,1.96,2.81,PS-00001,/Uploads/default.jpg
5PK1028,CORREA MULTIFUNCIONAL,CHEV ORLANDO 2.4 ASTRA 2.2,KAIOU,3.54,5.06,PS-00001,/Uploads/default.jpg
96183351,CORREA TIEMPO,AVEO 1.6 LTS 127D 40.000KM,GATES,7.93,11.34,PS-00001,/Uploads/default.jpg
CT887,CORREA TIEMPO AVEO TODOS ORIGINAL (127D),CONTINENTAL,,15.69,22.43,PS-00001,/Uploads/default.jpg
CT558,CORREA TIEMPO DAEWO RACER,PEUGEOT 206 PARTNER 1.4 104D,CONTINENTAL,11.97,17.12,PS-00001,/Uploads/default.jpg
CT686,CORREA TIEMPO CORSA CIELO LANOS FIAT TODOS 1.8 (111D),CONTINENTAL,,9.91,14.18,PS-00001,/Uploads/default.jpg
11SP170H,CORREA TIEMPO CORSA DAEWO CIELO LANOS FIAT 1.8 ALTA CALIDAD 111MR17,KAIOU,6.45,9.22,13.18,PS-00001,/Uploads/default.jpg
CT1002,CORREA TIEMPO,CHEVETTE 1.4 1.6 (99D),CONTINENTAL,10.58,15.13,PS-00001,/Uploads/default.jpg
24422964,CORREA TIEMPO CRUZE 146D 40.000KM,GATES,,9.56,13.67,PS-00001,/Uploads/default.jpg
CT910,CORREA TIEMPO DAEWO MATIZ DAMAS TICO MITSUBISHI SIGNO 1.3,(107D),CONTINENTAL,14.22,20.34,PS-00001,/Uploads/default.jpg
CT852,CORREA TIEMPO,LUV DMAX 3.5LTS,(191D),0.00,43.66,PS-00001,/Uploads/default.jpg
8971910361,CORREA TIEMPO LUV DMAX 3.5 40.000KM,GATES,,19.96,28.54,PS-00001,/Uploads/default.jpg
CT895,CORREA TIEMPO STEEM SUZUKI JIMNY 1.3LTS,(97D),,0.00,22.15,PS-00001,/Uploads/default.jpg
CT975,CORREA TIEMPO OPTRA DESIGN ADVANCES (162D) ORIG,ONTINENTAL,,31.32,44.78,PS-00001,/Uploads/default.jpg
162S8M20,CORREA TIEMPO,OPTRA DESIGN ADVANCE,(DOBLE COSTURA) (FIBRA JAPONESA),0.00,12.16,PS-00001,/Uploads/default.jpg
CT870,CORREA TIEMPO,OPTRA LIMITED (169D),CONTINENTAL,0.00,27.93,PS-00001,/Uploads/default.jpg
CT1008,CORREA TIEMPO SPARK ORIGINAL (109D),CONTINENTAL,,18.61,26.62,PS-00001,/Uploads/default.jpg
109YU25,CORREA TIEMPO,SPARK TODOS 109D,(DOBLE COSTURA)(FIBRA JAPONESA),0.00,10.63,PS-00001,/Uploads/default.jpg
6PK1460C,CORREA UNICA,CHEV CORSA SIN A/A,PEUGEOT 206 1.4 1.6 SIN A/A,0.00,13.42,PS-00001,/Uploads/default.jpg
6PK1875-G,CORREA UNICA,AVEO OPTRA DESIGN,GATES,0.00,7.80,PS-00001,/Uploads/default.jpg
6PK1875-C,CORREA UNICA,AVEO OPTRA DESIGN,(RANURAS:6/ALTURA:5MM /SEP. RANURAS: 3.56MM/LONGITUD: 875MM),0.00,18.36,PS-00001,/Uploads/default.jpg
6PK1840,CORREA UNICA,CHEV EPICA 2.5 L 6 CILINDROS,KAIOU,0.00,8.43,PS-00001,/Uploads/default.jpg
6PK1790-C,CORREA UNICA,CORSA D/M,(RANURAS:6/ALT:5MM/SEP RANURAS:3.56MM/LONG:1790MM),0.00,14.76,PS-00001,/Uploads/default.jpg
6PK1795-C,CORREA UNICA CORSA D/H,(RANURAS:6/ALT:5MM/SEP RANURAS:3.56MM/LONG:1795MM),CONTINENTAL,20.10,28.75,PS-00001,/Uploads/default.jpg
TB-TIRE,ABRILLANTADOR DE CAUCHOS TIRE BLACK 240 ML,AP USA GROUP,,3.38,4.83,Mcc-i004,/Uploads/default.jpg
0W20-1L,ACEITE FULL SYNTHETIC 0W-20 ORIG,TP JAPON,,12.68,18.14,Mcc-i004,/Uploads/default.jpg
ESFP0021PC,ACEITE FULL SYNTHETIC GREENTECH+ 0W-20 API SP-RC ILSAC GF-6 GASOLINA ORIG.,AISIN,,13.02,18.62,Mcc-i004,/Uploads/default.jpg
ESFP0531PC,ACEITE FULL SYNTHETIC GREEN TECH+ 5W-30 API SP RC ILSAC GF-6 GASOLINA ORIG.,AISIN,,11.92,17.04,Mcc-i004,/Uploads/default.jpg
8979431830,BOMBA DE GASOLINA COMPLETO,LUV DMAX 3.5,QP QUALITY PARTS,55.94,80.00,Mcc-i004,/Uploads/default.jpg
94706444,BOMBA DE GASOLINA COMPLETA,MONTANA MERIVA,QP QUALITY PARTS,67.13,95.99,Mcc-i004,/Uploads/default.jpg
96464637-QP,BOMBA DE GASOLINA COMPLETA,SPARK,QP QUALITY PARTS,2.91,99.96,Mcc-i004,/Uploads/default.jpg
Z93267170,BOMBA DE GASOLINA (PILA+CONECTOR+MANGUERA+VASO),CORSA,SIN FLOTANTE/TAPA,0.00,32.12,Mcc-i004,/Uploads/default.jpg
EFP433901G,BOMBA DE GASOLINA PILA,SILVERADO (KIT:PILA+FILTRO+REGULADOR) (CAJA),CLIPSE,36.92,52.80,Mcc-i004,/Uploads/default.jpg
MU1314-FILTRO,BOMBA DE GASOLINA PILA SILVERADO (FILTRO+REGULADOR DE BOMBA),CLIPSE,,17.95,25.67,Mcc-i004,/Uploads/default.jpg
2068-H,BOMBA DE GASOLINA UNIVERSAL 2068 (JH380300),HBBH,,0.00,7.99,Mcc-i004,/Uploads/default.jpg
E2068-CARBON,BOMBA DE GASOLINA UNIV PILA (CONMUTADOR DE CARBONO),AP USA GROUP,,8.97,12.83,Mcc-i004,/Uploads/default.jpg
E-2068HD,BOMBA DE GASOLINA UNIV PILA (CONMUTADOR DE CARBONO),GP,,11.11,15.89,Mcc-i004,/Uploads/default.jpg
E10256,BOMBA DE GASOLINA PILA BLAZER CAVALIER CON RETORNO,QP QUALITY PARTS,,21.82,31.20,Mcc-i004,/Uploads/default.jpg
EFP3833-CP,BOMBA DE GASOLINA PILA,CRUZE,CLIPSE,16.62,23.77,Mcc-i004,/Uploads/default.jpg
E2111,BOMBA DE GASOLINA PILA,GRAND VITARA,CLIPSE,17.21,24.62,Mcc-i004,/Uploads/default.jpg
53184841,BOMBA DE GASOLINA PILA SILVERADO REY CAMION 3500 JEEP CHEROKEE KK,QP QUALITY PARTS,,21.72,31.06,Mcc-i004,/Uploads/default.jpg
